{
    "$schema": "http://schema.management.azure.com/schemas/2015-01-01/deploymentTemplate.json",
    "contentVersion": "1.0.0.0",
    "parameters": {
        "randomValue": {
            "defaultValue": "[substring(uniqueString(utcNow()),0,8)]",
            "type": "string", 
            "metadata": {
                "description": "Random alphanumeric string to make the assets have a unique name."
            }
        },
        "subscriptionId": {
            "type": "string",
            "defaultValue": "[subscription().subscriptionid]",
            "metadata": {
                "description": "The subscription ID of the Azure subscription to deploy into."                
            }
        },
        "IoTHubName_in": {
            "type": "string",
            "defaultValue": "ContosoTestHubMsgEn",
            "metadata": {
                "description": "The name of the IoT Hub to create."                
            }
        },
        "location": {
            "type": "string",
            "defaultValue": "westus2",
            "metadata": {
                "description": "The datacenter to use for the deployment."
            }
        },
        "sku_name": {
            "type": "string",
            "defaultValue": "S1",
            "metadata": {
                "description": "The SKU to use for the IoT Hub."
            }
        },
        "sku_units": {
            "type": "string",
            "defaultValue": "1",
            "metadata": {
                "description": "The number of IoT Hub units."
            }
        },
        "d2c_partitions": {
            "type": "string",
            "defaultValue": "4",
            "metadata": {
                "description": "Partitions used for the event stream."
            }
        },
        "storageAccountName_in": {
            "type": "string",
            "defaultValue": "contosostorage",
            "metadata": {
                "description": "Name of storage account to be created."
            }
        },
        "containerName1": {
            "type": "string",
            "defaultValue": "original",
            "metadata": {
                "description": "Name of the container in which to place the routed data."
            }
        },
        "containerName2": {
            "type": "string",
            "defaultValue": "enriched",
            "metadata": {
                "description": "Name of the container in which to place the routed data."
            }
        },
        "routeName1": {
            "type": "string",
            "defaultValue": "ContosoStorageRouteOriginal",
            "metadata": {
                "description": "Name of the endpoint for the storage account."
            }
        },
        "routeName2": {
            "type": "string",
            "defaultValue": "ContosoStorageRouteEnriched",
            "metadata": {
                "description": "Name of the endpoint for the storage account."
            }
        },
        "endpointName1": {
            "type": "string",
            "defaultValue": "ContosoStorageEndpointOriginal",
            "metadata": {
                "description": "Name of the endpoint for the storage account."
            }
        },
        "endpointName2": {
            "type": "string",
            "defaultValue": "ContosoStorageEndpointEnriched",
            "metadata": {
                "description": "Name of the endpoint for the storage account."
            }
        }       
    },
    "variables": {
        "iotHubName": "[concat(parameters('IotHubName_in'),parameters('randomValue'))]",
        "storageAccountName": "[concat(parameters('storageAccountName_in'),parameters('randomValue'))]"
    },
    "resources": [
    {       
        "type": "Microsoft.Storage/storageAccounts",
        "name": "[variables('storageAccountName')]",
        "apiVersion": "2018-07-01",
        "location": "[parameters('location')]",
        "sku": {
            "name": "Standard_LRS",
            "tier": "Standard"
        },
        "kind": "Storage",
        "properties": {},
        "resources": [
            {
            "type": "blobServices/containers",
            "apiVersion": "2018-07-01",
            "name": "[concat('default/', parameters('containerName1'))]",
            "properties": {
                "publicAccess": "None"
                } ,
            "dependsOn": [
                "[resourceId('Microsoft.Storage/storageAccounts', variables('storageAccountName'))]"
                ]        
            },
            {
                "type": "blobServices/containers",
                "apiVersion": "2018-07-01",
                "name": "[concat('default/', parameters('containerName2'))]",
                "properties": {
                    "publicAccess": "None"
                    } ,
                "dependsOn": [
                    "[resourceId('Microsoft.Storage/storageAccounts', variables('storageAccountName'))]"
                    ]        
            }         
        ]
    },
    {
        "apiVersion": "2019-11-04",
        "type": "Microsoft.Devices/IotHubs",
        "name": "[variables('IoTHubName')]",
        "location": "[parameters('location')]",
        "dependsOn": [
            "[resourceId('Microsoft.Storage/storageAccounts', variables('storageAccountName'))]"
        ],
        "properties": {
            "eventHubEndpoints": {                
                "events": {
                    "retentionTimeInDays": 1,
                    "partitionCount": "[parameters('d2c_partitions')]"
                    }                    
                },
            "routing": {
                "enrichments": [
                    {
                        "key": "myIoTHub",
                        "value": "$iothubname",
                        "endpointNames": ["ContosoStorageEndpointEnriched"]
                    },
                    {
                        "key": "DeviceLocation",
                        "value": "$twin.tags.location",
                        "endpointNames": ["ContosoStorageEndpointEnriched"]                     
                    },
                    {
                        "key": "customerID",
                        "value": "6ce345b8-1e4a-411e-9398-d34587459a3a",
                        "endpointNames": ["ContosoStorageEndpointEnriched"]
                    }
                ],
                "endpoints": {
                    "serviceBusQueues": [],
                    "serviceBusTopics": [],
                    "eventHubs": [],
                    "storageContainers": [
                        {
                            "connectionString": 
                            "[Concat('DefaultEndpointsProtocol=https;AccountName=',variables('storageAccountName'),';AccountKey=',listKeys(resourceId('Microsoft.Storage/storageAccounts', variables('storageAccountName')), providers('Microsoft.Storage', 'storageAccounts').apiVersions[0]).keys[0].value)]",
                            "containerName": "[parameters('containerName1')]",
                            "fileNameFormat": "{iothub}/{partition}/{YYYY}/{MM}/{DD}/{HH}/{mm}",
                            "batchFrequencyInSeconds": 100,
                            "maxChunkSizeInBytes": 104857600,
                            "encoding": "json",
                            "name": "[parameters('endpointName1')]",
                            "subscriptionId": "[parameters('subscriptionId')]",
                            "resourceGroup": "[resourceGroup().Name]"
                        },
                        {
                            "connectionString": 
                            "[Concat('DefaultEndpointsProtocol=https;AccountName=',variables('storageAccountName'),';AccountKey=',listKeys(resourceId('Microsoft.Storage/storageAccounts', variables('storageAccountName')), providers('Microsoft.Storage', 'storageAccounts').apiVersions[0]).keys[0].value)]",
                            "containerName": "[parameters('containerName2')]",
                            "fileNameFormat": "{iothub}/{partition}/{YYYY}/{MM}/{DD}/{HH}/{mm}",
                            "batchFrequencyInSeconds": 100,
                            "maxChunkSizeInBytes": 104857600,
                            "encoding": "json",
                            "name": "[parameters('endpointName2')]",
                            "subscriptionId": "[parameters('subscriptionId')]",
                            "resourceGroup": "[resourceGroup().Name]"
                        }
                    ]
                },
                "routes": [
                    {
                        "name": "[parameters('routeName1')]",
                        "source": "DeviceMessages",
                        "condition": "level=\"storage\"",
                        "endpointNames": [
                            "[parameters('endpointName1')]"
                            ],
                        "isEnabled": true
                    },
                    {
                        "name": "[parameters('routeName2')]",
                        "source": "DeviceMessages",
                        "condition": "level=\"storage\"",
                        "endpointNames": [
                            "[parameters('endpointName2')]"
                            ],
                        "isEnabled": true
                    }                        
                ],
                "fallbackRoute": {
                    "name": "$fallback",
                    "source": "DeviceMessages",
                    "condition": "true",
                    "endpointNames": [
                        "events" 
                    ],
                    "isEnabled": true
                }
            },
            "storageEndpoints": {
                "$default": {
                    "sasTtlAsIso8601": "PT1H",
                    "connectionString": "",
                    "containerName": ""
                }
            },
            "messagingEndpoints": {
                "fileNotifications": {
                    "lockDurationAsIso8601": "PT1M",
                    "ttlAsIso8601": "PT1H",
                    "maxDeliveryCount": 10
                }
            },
            "enableFileUploadNotifications": false,
            "cloudToDevice": {
                "maxDeliveryCount": 10,
                "defaultTtlAsIso8601": "PT1H",
                "feedback": {
                    "lockDurationAsIso8601": "PT1M",
                    "ttlAsIso8601": "PT1H",
                    "maxDeliveryCount": 10
                }
            }
        },
        "sku": {
            "name": "[parameters('sku_name')]",
            "capacity": "[parameters('sku_units')]"
        }
    }
    ]
}